{"stat.mineBlock.sky_orchards.log_coal":27,"stat.craftItem.sky_orchards.sapling_cottonwood":1,"stat.craftItem.sky_orchards.sapling_sand":1,"stat.useItem.sky_orchards.sapling_cottonwood":2,"stat.leaveGame":3,"stat.drop.rustic.grape_stem":20,"stat.pickup.bdsandm.wood_crate":1,"stat.craftItem.sky_orchards.amber_bone":2,"stat.pickup.sky_orchards.resin_lead":7,"stat.mineBlock.sky_orchards.leaves_tin":56,"stat.useItem.minecraft.planks":4,"stat.craftItem.sky_orchards.sapling_petrified":1,"stat.mineBlock.sky_orchards.log_dirt":46,"stat.pickup.sky_orchards.resin_cottonwood":21,"stat.useItem.minecraft.water_bucket":2,"stat.useItem.sky_orchards.sapling_iron":3,"stat.pickup.sky_orchards.acorn_diamond":17,"stat.craftItem.sky_orchards.sapling_gravel":1,"stat.pickup.sky_orchards.sapling_dirt":30,"stat.pickup.sky_orchards.resin_emerald":19,"stat.craftItem.tconstruct.casting":2,"stat.pickup.integrateddynamics.menril_sapling":5,"stat.pickup.integrateddynamics.menril_berries":21,"stat.pickup.sky_orchards.resin_petrified":205,"stat.craftItem.minecraft.wooden_hoe":1,"stat.mineBlock.sky_orchards.leaves_netherrack":56,"stat.pickup.tconstruct.slime_sapling":9,"stat.pickup.sky_orchards.sapling_nickel":2,"stat.craftItem.minecraft.bed":1,"stat.mineBlock.minecraft.vine":47,"stat.pickup.thermalfoundation.material":2,"stat.furnaceInteraction":62,"stat.pickup.xlfoodmod.lettuce_seeds":1,"stat.mineBlock.rustic.apple_seeds":2,"stat.mineBlock.sky_orchards.leaves_gold":110,"stat.craftItem.sky_orchards.acorn_dirt":1,"stat.pickup.sky_orchards.acorn_coal":22,"stat.mineBlock.tcomplement.melter":4,"stat.pickup.morecauldrons.brick_cauldron":1,"stat.drop.sky_orchards.acorn_dirt":1,"stat.pickup.sky_orchards.acorn_dirt":50,"stat.pickup.inspirations.potato_seeds":1,"stat.pickup.sky_orchards.sapling_coal":13,"stat.drop.minecraft.pumpkin_seeds":2,"stat.useItem.minecraft.flint_and_steel":4,"stat.craftItem.minecraft.sand":18,"stat.useItem.minecraft.wheat_seeds":2,"stat.mineBlock.astralsorcery.blockmarble":10,"stat.mineBlock.sky_orchards.log_tin":6,"stat.pickup.minecraft.pumpkin_seeds":2,"stat.pickup.tconstruct.slime_dirt":1,"stat.drop.sky_orchards.sapling_sand":1,"stat.useItem.minecraft.dye":80,"stat.drop.sky_orchards.resin_redstone":1,"stat.playOneMinute":160859,"stat.pickup.tconstruct.rack":2,"stat.drop.xlfoodmod.lettuce_seeds":1,"stat.pickup.xlfoodmod.raw_corn":17,"stat.pickup.sky_orchards.sapling_lapis":6,"stat.pickup.astralsorcery.blockmarblestairs":3,"stat.mineBlock.minecraft.tallgrass":81,"stat.useItem.sky_orchards.sapling_sand":7,"stat.chestOpened":298,"stat.pickup.tconstruct.casting":8,"stat.craftItem.tp.cobblegen_block":1,"stat.pickup.sky_orchards.resin_redstone":25,"stat.pickup.sky_orchards.acorn_petrified":146,"stat.craftItem.sky_orchards.sapling_diamond":1,"stat.drop.minecraft.flint":3,"stat.mineBlock.sky_orchards.leaves_iron":438,"stat.useItem.inspirations.wooden_crook":2119,"stat.pickup.sky_orchards.resin_sand":114,"stat.craftItem.minecraft.coal":5,"stat.pickup.tconstruct.cast_custom":1,"stat.useItem.sky_orchards.sapling_gravel":6,"stat.pickup.sky_orchards.resin_gold":12,"stat.fallOneCm":16560,"stat.craftItem.sky_orchards.sapling_redstone":1,"stat.pickup.sky_orchards.leaves_bone":54,"stat.drop.minecraft.dye":1,"stat.pickup.minecraft.melon_seeds":5,"stat.pickup.sky_orchards.sapling_netherrack":8,"stat.crouchOneCm":7713,"stat.craftItem.minecraft.diamond":1,"stat.craftItem.minecraft.iron_ingot":1,"stat.craftItem.minecraft.chest":6,"stat.pickup.rustic.grape_stem":20,"stat.pickup.sky_orchards.resin_lapis":24,"stat.craftingTableInteraction":102,"stat.mineBlock.sky_orchards.leaves_sand":771,"stat.pickup.sky_orchards.sapling_sand":48,"stat.mineBlock.tconstruct.rack":2,"stat.pickup.sky_orchards.sapling_tin":12,"stat.pickup.sky_orchards.acorn_redstone":22,"stat.mineBlock.minecraft.log2":10,"stat.pickup.sky_orchards.resin_tin":10,"stat.mineBlock.bdsandm.wood_crate":1,"stat.craftItem.minecraft.wooden_button":1,"stat.craftItem.tconstruct.materials":38,"stat.pickup.minecraft.dye":21,"stat.pickup.sky_orchards.resin_iron":66,"stat.pickup.sky_orchards.sapling_gold":4,"stat.pickup.minecraft.wheat_seeds":9,"stat.craftItem.tconstruct.seared_tank":1,"stat.useItem.minecraft.stone_pickaxe":29,"stat.drop.sky_orchards.resin_emerald":16,"stat.mineBlock.sky_orchards.log_bone":38,"stat.mineBlock.minecraft.dirt":11,"stat.pickup.sky_orchards.acorn_iron":54,"stat.craftItem.sky_orchards.amber_tin":1,"stat.craftItem.integrateddynamics.squeezer":1,"stat.mineBlock.sky_orchards.leaves_lapis":224,"stat.pickup.sky_orchards.sapling_iron":21,"stat.useItem.minecraft.log":1,"stat.pickup.sky_orchards.acorn_gold":12,"stat.useItem.minecraft.cobblestone":1,"stat.craftItem.minecraft.crafting_table":2,"stat.craftItem.ceramics.clay_bucket":2,"stat.mineBlock.morecauldrons.brick_cauldron":1,"stat.pickup.minecraft.log":840,"stat.craftItem.tp.wooden_shears":2,"stat.pickup.sky_orchards.resin_gravel":66,"stat.pickup.sky_orchards.resin_silver":6,"stat.pickup.sky_orchards.acorn_sand":92,"stat.drop.sky_orchards.resin_diamond":17,"stat.pickup.minecraft.sapling":38,"stat.drop.sky_orchards.acorn_redstone":14,"stat.pickup.minecraft.apple":1,"stat.craftItem.minecraft.planks":128,"stat.craftItem.minecraft.dirt":10,"stat.pickup.morecauldrons.oak_cauldron":2,"stat.craftItem.sky_orchards.acorn_petrified":1,"stat.mineBlock.integrateddynamics.menril_log":23,"stat.mineBlock.minecraft.log":252,"stat.mineBlock.sky_orchards.log_clay":44,"stat.useItem.carryon.entity_item":3,"stat.pickup.rustic.sapling_apple":4,"stat.pickup.sky_orchards.acorn_lapis":19,"stat.useItem.sky_orchards.sapling_diamond":1,"stat.useItem.sky_orchards.sapling_coal":2,"stat.pickup.minecraft.red_flower":5,"stat.sneakTime":3286,"stat.mineBlock.sky_orchards.log_cottonwood":14,"stat.pickup.minecraft.wool":3,"stat.pickup.sky_orchards.sapling_diamond":12,"stat.useItem.minecraft.wooden_axe":1,"stat.pickup.minecraft.yellow_flower":8,"stat.useItem.sky_orchards.sapling_netherrack":1,"stat.craftItem.minecraft.cobblestone":29,"stat.useItem.sky_orchards.sapling_dirt":7,"stat.craftItem.morecauldrons.brick_cauldron":1,"stat.mineBlock.sky_orchards.log_netherrack":6,"stat.mineBlock.integrateddynamics.menril_log_filled":4,"stat.craftItem.ceramics.unfired_clay":2,"stat.useItem.astralsorcery.blockmarblestairs":1,"stat.mineBlock.minecraft.cobblestone":1,"stat.mineBlock.sky_orchards.leaves_gravel":496,"stat.pickup.minecraft.flint":15,"stat.mineBlock.minecraft.yellow_flower":8,"stat.craftItem.tconstruct.faucet":1,"stat.mineBlock.sky_orchards.leaves_silver":57,"stat.craftItem.minecraft.bone":6,"stat.pickup.sky_orchards.resin_dirt":71,"stat.drop.thermalfoundation.material":4,"stat.craftItem.sky_orchards.sapling_emerald":1,"stat.craftItem.minecraft.wool":2,"stat.pickup.pickletweaks.coal_piece":16,"stat.craftItem.sky_orchards.amber_iron":10,"stat.swimOneCm":1908,"stat.useItem.sky_orchards.sapling_lapis":1,"stat.climbOneCm":5053,"stat.drop.minecraft.cobblestone":118,"stat.mineBlock.morecauldrons.oak_cauldron":2,"stat.useItem.sky_orchards.sapling_bone":2,"stat.mineBlock.sky_orchards.leaves_redstone":224,"stat.useItem.minecraft.dirt":24,"stat.useItem.minecraft.stone_slab2":135,"stat.craftItem.minecraft.furnace":2,"stat.craftItem.minecraft.lapis_block":1,"stat.craftItem.minecraft.bone_block":7,"stat.pickup.tp.cobblegen_block":1,"stat.craftItem.sky_orchards.sapling_bone":1,"stat.useItem.xlfoodmod.corn_seeds":2,"stat.mineBlock.sky_orchards.leaves_emerald":112,"stat.craftItem.minecraft.stone_pickaxe":1,"stat.mineBlock.sky_orchards.leaves_dirt":491,"stat.pickup.minecraft.cobblestone":2,"stat.craftItem.sky_orchards.amber_gold":2,"stat.craftItem.pickletweaks.coal_piece":32,"stat.flyOneCm":157811,"stat.craftItem.minecraft.glass_bottle":3,"stat.mineBlock.sky_orchards.leaves_coal":246,"stat.mineBlock.mekanism.glowplasticblock":1,"stat.pickup.sky_orchards.sapling_lead":5,"stat.pickup.sky_orchards.resin_coal":44,"stat.craftItem.minecraft.wooden_slab":12,"stat.pickup.sky_orchards.sapling_petrified":279,"stat.timeSinceDeath":160859,"stat.drop.integrateddynamics.menril_berries":1,"stat.mineBlock.sky_orchards.leaves_cottonwood":167,"stat.drop.minecraft.log":192,"stat.pickup.sky_orchards.resin_nickel":6,"stat.pickup.malisisdoors.big_door_dark_oak_3x3":1,"stat.useItem.tconstruct.rack":1,"stat.useItem.sky_orchards.sapling_clay":2,"stat.pickup.sky_orchards.acorn_lead":6,"stat.mineBlock.sky_orchards.leaves_diamond":162,"stat.craftItem.tconstruct.soil":41,"stat.pickup.minecraft.string":6,"stat.craftItem.sky_orchards.sapling_netherrack":1,"stat.mineBlock.rustic.sapling_apple":2,"stat.drop.minecraft.log2":10,"stat.useItem.astralsorcery.blockmarble":8,"stat.pickup.xlfoodmod.corn_seeds":11,"stat.pickup.sky_orchards.resin_netherrack":9,"stat.mineBlock.sky_orchards.leaves_clay":490,"stat.drop.sky_orchards.acorn_petrified":4,"stat.craftItem.minecraft.stone_slab2":0,"stat.pickup.sky_orchards.sapling_cottonwood":26,"stat.useItem.sky_orchards.sapling_petrified":24,"stat.sprintOneCm":708490,"stat.pickup.mekanism.glowplasticblock":1,"stat.craftItem.minecraft.stick":28,"stat.craftItem.minecraft.wooden_axe":1,"stat.useItem.carryon.tile_item":2,"stat.mineBlock.sky_orchards.leaves_petrified":1575,"stat.craftItem.minecraft.stone":3,"stat.pickup.sky_orchards.sapling_emerald":4,"stat.pickup.integrateddynamics.menril_log":27,"stat.drop.minecraft.leaves":1,"stat.craftItem.minecraft.clay_ball":32,"stat.mineBlock.sky_orchards.log_lead":5,"stat.pickup.minecraft.vine":47,"stat.drop":37,"stat.pickup.sky_orchards.resin_diamond":24,"stat.craftItem.sky_orchards.sapling_clay":1,"stat.mineBlock.rustic.leaves_apple":55,"stat.craftItem.minecraft.dye":97,"stat.craftItem.minecraft.clay":9,"stat.pickup.integrateddynamics.crystalized_menril_chunk":5,"stat.craftItem.minecraft.slime_ball":4,"stat.pickup.minecraft.wheat":10,"stat.pickup.sky_orchards.acorn_cottonwood":16,"stat.mineBlock.astralsorcery.blockmarblestairs":3,"stat.mineBlock.sky_orchards.leaves_bone":376,"stat.useItem.minecraft.glass_bottle":5,"stat.mineBlock.tconstruct.slime_leaves":83,"stat.mineBlock.tconstruct.slime_dirt":1,"stat.craftItem.sky_orchards.sapling_coal":1,"stat.pickup.sky_orchards.resin_clay":64,"stat.jump":828,"stat.pickup.sky_orchards.acorn_tin":4,"stat.craftItem.tconstruct.rack":3,"stat.useItem.minecraft.wooden_hoe":3,"stat.mineBlock.sky_orchards.leaves_nickel":57,"stat.useItem.sky_orchards.sapling_redstone":2,"stat.pickup.sky_orchards.sapling_redstone":11,"stat.craftItem.bonsaitrees.bonsaipot":1,"stat.mineBlock.sky_orchards.log_sand":77,"stat.pickup.minecraft.dirt":11,"stat.craftItem.sky_orchards.sapling_lapis":2,"stat.pickup.tconstruct.slime_congealed":8,"stat.pickup.sky_orchards.resin_bone":53,"stat.useItem.minecraft.sapling":13,"stat.craftItem.tcomplement.melter":2,"stat.craftItem.minecraft.flint_and_steel":1,"stat.pickup.minecraft.leaves":1,"stat.mineBlock.sky_orchards.log_emerald":10,"stat.mineBlock.minecraft.leaves2":80,"stat.mineBlock.sky_orchards.log_lapis":17,"stat.damageTaken":60,"stat.mineBlock.minecraft.red_flower":5,"stat.mineBlock.minecraft.sapling":1,"stat.pickup.minecraft.log2":10,"stat.craftItem.sky_orchards.amber_lead":1,"stat.craftItem.sky_orchards.amber_copper":1,"stat.mineBlock.sky_orchards.log_redstone":18,"stat.pickup.sky_orchards.sapling_clay":37,"stat.craftItem.minecraft.glass":6,"stat.sleepInBed":1,"stat.mineBlock.malisisdoors.big_door_dark_oak_3x3":1,"stat.mineBlock.sky_orchards.log_iron":41,"stat.craftItem.minecraft.gravel":10,"stat.pickup.sky_orchards.acorn_bone":42,"stat.walkOneCm":216541,"stat.useItem.slabmachines.chest_slab":1,"stat.useItem.minecraft.chest":1,"stat.pickup.tcomplement.melter":4,"stat.pickup.sky_orchards.acorn_nickel":6,"stat.pickup.sky_orchards.sapling_bone":17,"stat.craftItem.inspirations.wooden_crook":20,"stat.pickup.sky_orchards.acorn_clay":44,"stat.pickup.rustic.apple_seeds":3,"stat.useItem.minecraft.lava_bucket":1,"stat.mineBlock.sky_orchards.log_silver":5,"stat.craftItem.morecauldrons.oak_cauldron":1,"stat.craftItem.slabmachines.chest_slab":2,"stat.pickup.sky_orchards.acorn_emerald":6,"stat.craftItem.sky_orchards.amber_silver":1,"stat.mineBlock.sky_orchards.log_gravel":45,"stat.pickup.sky_orchards.acorn_netherrack":6,"stat.craftItem.rustic.crushing_tub":1,"stat.pickup.sky_orchards.acorn_gravel":62,"stat.mineBlock.sky_orchards.leaves_lead":57,"stat.mineBlock.sky_orchards.log_diamond":16,"stat.craftItem.sky_orchards.amber_redstone":2,"stat.pickup.sky_orchards.acorn_silver":3,"stat.pickup.sky_orchards.sapling_gravel":31,"stat.mineBlock.integrateddynamics.menril_leaves":64,"stat.pickup.sky_orchards.sapling_silver":2,"stat.craftItem.sky_orchards.amber_cottonwood":3,"stat.craftItem.bdsandm.wood_crate":1,"stat.drop.sky_orchards.resin_lapis":13,"stat.pickup.minecraft.quartz":2,"stat.mineBlock.sky_orchards.log_gold":9,"stat.craftItem.farmingforblockheads.market":1,"stat.mineBlock.minecraft.leaves":221,"stat.pickup.minecraft.beetroot_seeds":2,"stat.craftItem.sky_orchards.amber_nickel":1,"stat.mineBlock.tconstruct.casting":8,"stat.pickup.astralsorcery.blockmarble":10,"stat.mineBlock.sky_orchards.log_nickel":4,"stat.mineBlock.tp.cobblegen_block":1,"stat.craftItem.tcomplement.materials":1,"stat.craftItem.minecraft.brick":13,"stat.mineBlock.sky_orchards.log_petrified":141}