{
  "sf4:age1/sapling/cottonwood": {
    "criteria": {
      "Completed Root": "2025-03-08 22:34:32 -0300",
      "Obtain Cottonwood Sapling": "2025-03-09 14:02:42 -0300"
    },
    "done": true
  },
  "tutorial:tutorial/oakplanks": {
    "criteria": {
      "Obtain Oak Wood Planks": "2025-03-08 22:42:02 -0300"
    },
    "done": false
  },
  "tutorial:tutorial/copied/greenslimydirt": {
    "criteria": {
      "Obtain Green Slime Dirt": "2025-03-09 14:33:59 -0300"
    },
    "done": false
  },
  "sf4:age1/complete": {
    "criteria": {
      "Completed Tin Man§r": "2025-03-09 13:47:12 -0300",
      "Completed Air Fryer§r": "2025-03-08 22:37:09 -0300",
      "Completed Silver Spoon§r": "2025-03-09 13:56:56 -0300",
      "Completed That\u0027s Dir-tree§r": "2025-03-08 22:35:22 -0300",
      "Completed Sticky Keys§r": "2025-03-08 22:37:44 -0300",
      "Completed You Cotton Be Kidding Me§r": "2025-03-09 14:02:42 -0300",
      "Completed Water You Waiting For?§r": "2025-03-09 11:07:24 -0300",
      "Completed Silver Surfer§r": "2025-03-09 13:56:06 -0300",
      "Completed Break a Leg§r": "2025-03-08 22:47:08 -0300",
      "Completed This Tree is Forever§r": "2025-03-09 13:58:36 -0300",
      "Completed Blue Man Group§r": "2025-03-09 11:32:34 -0300",
      "Completed I Love Lucy§r": "2025-03-08 22:40:30 -0300",
      "Completed Hotbois§r": "2025-03-09 11:09:42 -0300",
      "Completed Palm Trees§r": "2025-03-08 22:45:09 -0300",
      "Completed Root": "2025-03-08 22:34:32 -0300",
      "Completed It\u0027s Tin This Pack§r": "2025-03-09 13:48:06 -0300",
      "Completed Nap Time§r": "2025-03-09 14:05:31 -0300",
      "Completed Captain Hook§r": "2025-03-08 22:37:40 -0300",
      "Completed Trees to Diamonds§r": "2025-03-09 13:59:07 -0300",
      "Completed Not a Helmet§r": "2025-03-09 11:17:17 -0300",
      "Completed It\u0027s Electric§r": "2025-03-09 11:28:20 -0300",
      "Completed Dirty Dancing§r": "2025-03-08 22:37:53 -0300",
      "Completed Amber is the Color of my Dinosaur§r": "2025-03-09 10:47:54 -0300",
      "Completed SkyFactory 4§r": "2025-03-08 22:34:32 -0300",
      "Completed Don\u0027t Sieve on Me§r": "2025-03-08 22:45:13 -0300",
      "Completed Lead Zeppelin§r": "2025-03-09 11:34:59 -0300",
      "Completed Lead it Go§r": "2025-03-09 11:34:05 -0300",
      "Completed Bubble, Bubble§r": "2025-03-08 22:42:05 -0300",
      "Completed One Shiny Boi§r": "2025-03-09 13:40:41 -0300",
      "Completed Money Grows on Trees§r": "2025-03-09 13:41:26 -0300",
      "Completed Slop in the Bucket§r": "2025-03-09 11:06:49 -0300",
      "Completed You Cotton Something?§r": "2025-03-09 14:04:28 -0300",
      "Completed On the Rocks§r": "2025-03-08 22:49:35 -0300",
      "Completed Starting from the Bottom§r": "2025-03-08 22:35:22 -0300",
      "Completed COALateral Damage§r": "2025-03-09 10:41:08 -0300",
      "Completed Oh, the Irony§r": "2025-03-09 11:02:25 -0300",
      "Completed Ironwood§r": "2025-03-09 11:23:40 -0300",
      "Completed Hardwood§r": "2025-03-08 22:42:48 -0300",
      "Completed Sixteen Tons§r": "2025-03-08 22:52:18 -0300",
      "Completed Stop Slabbing Yourself§r": "2025-03-08 22:44:51 -0300",
      "Completed Eating Dirt§r": "2025-03-09 14:04:31 -0300",
      "Completed Clay Aiken§r": "2025-03-08 22:44:05 -0300",
      "Completed I\u0027ve Been Slimed§r": "2025-03-09 14:33:59 -0300",
      "Completed I Don\u0027t Know§r": "2025-03-09 14:34:03 -0300"
    },
    "done": false
  },
  "sf4:age1/sapling/bacon": {
    "criteria": {
      "Completed Root": "2025-03-08 22:34:32 -0300"
    },
    "done": false
  },
  "sf4:age1/nonpacifist": {
    "criteria": {
      "astral": "2025-03-08 22:34:32 -0300",
      "Completed Root": "2025-03-08 22:34:32 -0300"
    },
    "done": true
  },
  "sf4:age1/sapling/slime": {
    "criteria": {
      "Completed Root": "2025-03-08 22:34:32 -0300",
      "Obtain Blue Slime Sapling": "2025-03-09 14:34:03 -0300"
    },
    "done": true
  },
  "sf4:age1/string": {
    "criteria": {
      "Completed Root": "2025-03-08 22:34:32 -0300",
      "Obtain Cottonwood Sapling": "2025-03-09 14:02:42 -0300",
      "Obtain String": "2025-03-09 14:04:28 -0300"
    },
    "done": true
  },
  "compactmachines:test/7x7x7": {
    "criteria": {
      "Obtain Netherrack": "2025-03-09 11:30:37 -0300"
    },
    "done": false
  },
  "sf4:age_storage/complete_no_prestige": {
    "criteria": {
      "Prestige Mode Disabled": "2025-03-08 22:34:32 -0300",
      "Completed Wood You Hand Me That Crate Please?§r": "2025-03-09 11:10:02 -0300",
      "Completed Age of Storage§r": "2025-03-08 22:34:32 -0300"
    },
    "done": false
  },
  "sf4:age1/sapling/petrified": {
    "criteria": {
      "Completed Root": "2025-03-08 22:34:32 -0300",
      "Obtain Petrified Sapling": "2025-03-08 22:42:48 -0300"
    },
    "done": true
  },
  "sf4:age1/sapling/redstone": {
    "criteria": {
      "Completed Root": "2025-03-08 22:34:32 -0300",
      "Obtain Redstone Sapling": "2025-03-09 11:28:20 -0300"
    },
    "done": true
  },
  "compactmachines:test/3x3x3": {
    "criteria": {
      "Obtain Grass Block": "2025-03-09 11:19:48 -0300"
    },
    "done": false
  },
  "sf4:age1/sapling/tin": {
    "criteria": {
      "Completed Root": "2025-03-08 22:34:32 -0300",
      "Obtain Tin Sapling": "2025-03-09 13:48:06 -0300"
    },
    "done": true
  },
  "sf4:age_enhancement/melter": {
    "criteria": {
      "Obtain Melter": "2025-03-09 10:51:33 -0300"
    },
    "done": true
  },
  "sf4:age1/wooden_crook": {
    "criteria": {
      "Completed Root": "2025-03-08 22:34:32 -0300",
      "Obtain Wooden Crook": "2025-03-08 22:37:40 -0300"
    },
    "done": true
  },
  "tutorial:tutorial/copied/sandsapling": {
    "criteria": {
      "Obtain Sand Sapling": "2025-03-08 22:45:09 -0300"
    },
    "done": false
  },
  "sf4:age_farming/bonsai": {
    "criteria": {
      "Obtain Bonsai Pot": "2025-03-09 14:32:18 -0300"
    },
    "done": true
  },
  "pacifist:pacifist_run/root": {
    "criteria": {
      "hasRock": "2025-03-08 22:34:32 -0300"
    },
    "done": false
  },
  "sf4:age_storage/complete": {
    "criteria": {
      "Completed Wood You Hand Me That Crate Please?§r": "2025-03-09 11:10:02 -0300",
      "Completed Age of Storage§r": "2025-03-08 22:34:32 -0300"
    },
    "done": false
  },
  "tutorial:tutorial/copied/slimesapling": {
    "criteria": {
      "Obtain Blue Slime Sapling": "2025-03-09 14:34:03 -0300"
    },
    "done": false
  },
  "sf4:age1/slabs": {
    "criteria": {
      "Obtain Chest Slab": "2025-03-08 22:44:51 -0300",
      "Completed Root": "2025-03-08 22:34:32 -0300"
    },
    "done": true
  },
  "sf4:age_farming/wheatseeds": {
    "criteria": {
      "Obtain Wheat Seeds": "2025-03-09 14:07:19 -0300"
    },
    "done": true
  },
  "tutorial:tutorial/copied/gold": {
    "criteria": {
      "Obtain Gold Amber": "2025-03-09 13:40:41 -0300"
    },
    "done": false
  },
  "sf4:age1/lavasource": {
    "criteria": {
      "Completed SkyFactory 4§r": "2025-03-08 22:34:32 -0300",
      "Completed Root": "2025-03-08 22:34:32 -0300"
    },
    "done": false
  },
  "tutorial:tutorial/copied/petrifiedsapling": {
    "criteria": {
      "Obtain Petrified Sapling": "2025-03-08 22:42:48 -0300"
    },
    "done": false
  },
  "sf4:age_storage/bdsandmwoodencrate": {
    "criteria": {
      "Obtain Wood Crate": "2025-03-09 11:10:02 -0300"
    },
    "done": true
  },
  "hardcore:hardcore/forgivingvoid": {
    "criteria": {
      "Completed Age of Exploration§r": "2025-03-08 22:34:32 -0300"
    },
    "done": false
  },
  "sf4:age_enhancement/completenoprestige": {
    "criteria": {
      "Prestige Mode Disabled": "2025-03-08 22:34:32 -0300",
      "Completed Getting Warmer§r": "2025-03-09 10:51:33 -0300",
      "Completed To Be ORe Not to Be§r": "2025-03-09 10:51:33 -0300",
      "Completed Age of Enhancement§r": "2025-03-08 22:34:32 -0300",
      "Completed Ore\u0027nt You Glad I Didn\u0027t Say Banana§r": "2025-03-09 11:02:31 -0300"
    },
    "done": false
  },
  "tutorial:tutorial/copied/goldsapling": {
    "criteria": {
      "Obtain Gold Sapling": "2025-03-09 13:41:26 -0300"
    },
    "done": false
  },
  "tutorial:tutorial/copied/watercollection": {
    "criteria": {
      "Right Click Cauldron with Water Inside": "2025-03-09 11:19:43 -0300"
    },
    "done": false
  },
  "sf4:age1/completenoprestige": {
    "criteria": {
      "Completed Tin Man§r": "2025-03-09 13:47:12 -0300",
      "Completed Air Fryer§r": "2025-03-08 22:37:09 -0300",
      "Completed Silver Spoon§r": "2025-03-09 13:56:56 -0300",
      "Prestige Mode Disabled": "2025-03-08 22:34:32 -0300",
      "Completed That\u0027s Dir-tree§r": "2025-03-08 22:35:22 -0300",
      "Completed Sticky Keys§r": "2025-03-08 22:37:44 -0300",
      "Completed You Cotton Be Kidding Me§r": "2025-03-09 14:02:42 -0300",
      "Completed Water You Waiting For?§r": "2025-03-09 11:07:24 -0300",
      "Completed Silver Surfer§r": "2025-03-09 13:56:06 -0300",
      "Completed Break a Leg§r": "2025-03-08 22:47:08 -0300",
      "Completed This Tree is Forever§r": "2025-03-09 13:58:36 -0300",
      "Completed Blue Man Group§r": "2025-03-09 11:32:34 -0300",
      "Completed I Love Lucy§r": "2025-03-08 22:40:30 -0300",
      "Completed Hotbois§r": "2025-03-09 11:09:42 -0300",
      "Completed Palm Trees§r": "2025-03-08 22:45:09 -0300",
      "Completed Root": "2025-03-08 22:34:32 -0300",
      "Completed It\u0027s Tin This Pack§r": "2025-03-09 13:48:06 -0300",
      "Completed Nap Time§r": "2025-03-09 14:05:31 -0300",
      "Completed Captain Hook§r": "2025-03-08 22:37:40 -0300",
      "Completed Trees to Diamonds§r": "2025-03-09 13:59:07 -0300",
      "Completed Not a Helmet§r": "2025-03-09 11:17:17 -0300",
      "Completed It\u0027s Electric§r": "2025-03-09 11:28:20 -0300",
      "Completed Dirty Dancing§r": "2025-03-08 22:37:53 -0300",
      "Completed Amber is the Color of my Dinosaur§r": "2025-03-09 10:47:54 -0300",
      "Completed SkyFactory 4§r": "2025-03-08 22:34:32 -0300",
      "Completed Don\u0027t Sieve on Me§r": "2025-03-08 22:45:13 -0300",
      "Completed Lead Zeppelin§r": "2025-03-09 11:34:59 -0300",
      "Completed Lead it Go§r": "2025-03-09 11:34:05 -0300",
      "Completed Bubble, Bubble§r": "2025-03-08 22:42:05 -0300",
      "Completed One Shiny Boi§r": "2025-03-09 13:40:41 -0300",
      "Completed Money Grows on Trees§r": "2025-03-09 13:41:26 -0300",
      "Completed Slop in the Bucket§r": "2025-03-09 11:06:49 -0300",
      "Completed You Cotton Something?§r": "2025-03-09 14:04:28 -0300",
      "Completed On the Rocks§r": "2025-03-08 22:49:35 -0300",
      "Completed Starting from the Bottom§r": "2025-03-08 22:35:22 -0300",
      "Completed COALateral Damage§r": "2025-03-09 10:41:08 -0300",
      "Completed Oh, the Irony§r": "2025-03-09 11:02:25 -0300",
      "Completed Ironwood§r": "2025-03-09 11:23:40 -0300",
      "Completed Hardwood§r": "2025-03-08 22:42:48 -0300",
      "Completed Sixteen Tons§r": "2025-03-08 22:52:18 -0300",
      "Completed Stop Slabbing Yourself§r": "2025-03-08 22:44:51 -0300",
      "Completed Eating Dirt§r": "2025-03-09 14:04:31 -0300",
      "Completed Clay Aiken§r": "2025-03-08 22:44:05 -0300",
      "Completed I\u0027ve Been Slimed§r": "2025-03-09 14:33:59 -0300",
      "Completed I Don\u0027t Know§r": "2025-03-09 14:34:03 -0300"
    },
    "done": false
  },
  "sf4:age_farming/root": {
    "criteria": {
      "inventoryChange": "2025-03-08 22:34:32 -0300"
    },
    "done": true
  },
  "sf4:age_exploration/completenoprestige": {
    "criteria": {
      "Completed Age of Exploration§r": "2025-03-08 22:34:32 -0300",
      "Prestige Mode Disabled": "2025-03-08 22:34:32 -0300"
    },
    "done": false
  },
  "sf4:age_power/root": {
    "criteria": {
      "inventoryChange": "2025-03-08 22:34:32 -0300"
    },
    "done": true
  },
  "tutorial:tutorial/copied/slabs": {
    "criteria": {
      "Obtain Chest Slab": "2025-03-08 22:44:51 -0300"
    },
    "done": false
  },
  "tutorial:tutorial/copied/claysapling": {
    "criteria": {
      "Obtain a Clay Sapling": "2025-03-08 22:44:05 -0300"
    },
    "done": false
  },
  "sf4:age1/sleep": {
    "criteria": {
      "Completed Root": "2025-03-08 22:34:32 -0300",
      "Right Click on Bed": "2025-03-09 14:05:31 -0300"
    },
    "done": true
  },
  "sf4:age1/sapling/lead": {
    "criteria": {
      "Completed Root": "2025-03-08 22:34:32 -0300",
      "Obtain Lead Sapling": "2025-03-09 11:34:59 -0300"
    },
    "done": true
  },
  "sf4:age1/sapling/diamond": {
    "criteria": {
      "Completed Root": "2025-03-08 22:34:32 -0300",
      "Obtain Diamond Sapling": "2025-03-09 13:58:36 -0300"
    },
    "done": true
  },
  "sf4:age1/watersource": {
    "criteria": {
      "Completed SkyFactory 4§r": "2025-03-08 22:34:32 -0300",
      "Completed Root": "2025-03-08 22:34:32 -0300"
    },
    "done": false
  },
  "sf4:age_farming/animalseeds": {
    "criteria": {
      "Cow Seed": "2025-03-09 14:16:13 -0300"
    },
    "done": false
  },
  "sf4:age1/cauldron": {
    "criteria": {
      "Completed Root": "2025-03-08 22:34:32 -0300",
      "Obtain a Cauldron": "2025-03-08 22:42:05 -0300"
    },
    "done": true
  },
  "sf4:age1/cobblestone_generator": {
    "criteria": {
      "Completed Root": "2025-03-08 22:34:32 -0300"
    },
    "done": false
  },
  "tutorial:tutorial/copied/cobblestone": {
    "criteria": {
      "Obtain Cobblestone Block": "2025-03-08 22:49:35 -0300"
    },
    "done": false
  },
  "sf4:age1/sapling/gravel": {
    "criteria": {
      "Completed Root": "2025-03-08 22:34:32 -0300",
      "Obtain Gravel Sapling": "2025-03-08 22:45:13 -0300"
    },
    "done": true
  },
  "sf4:age1/crushing_tub": {
    "criteria": {
      "Obtain Crushing Tub": "2025-03-08 22:40:30 -0300",
      "Completed Root": "2025-03-08 22:34:32 -0300"
    },
    "done": true
  },
  "sf4:age1/prestige_notify": {
    "criteria": {
      "Completed Root": "2025-03-08 22:34:32 -0300"
    },
    "done": false
  },
  "tutorial:tutorial/petrifiedacorn": {
    "criteria": {
      "Obtain Oak Wood Planks": "2025-03-08 22:38:33 -0300"
    },
    "done": false
  },
  "sf4:age1/lava": {
    "criteria": {
      "Completed Root": "2025-03-08 22:34:32 -0300",
      "Obtain Lava Clay Bucket": "2025-03-09 11:09:42 -0300"
    },
    "done": true
  },
  "sf4:age1/root": {
    "criteria": {
      "non_tutorial_start": "2025-03-08 22:34:32 -0300"
    },
    "done": true
  },
  "tutorial:tutorial/woodencrook": {
    "criteria": {
      "Obtain a Wooden Crook": "2025-03-08 22:37:40 -0300"
    },
    "done": false
  },
  "sf4:age1/sapling/donut": {
    "criteria": {
      "Completed Root": "2025-03-08 22:34:32 -0300"
    },
    "done": false
  },
  "tutorial:tutorial/copied/ironsapling": {
    "criteria": {
      "Obtain Iron Sapling": "2025-03-09 11:23:40 -0300"
    },
    "done": false
  },
  "sf4:age1/sapling/silver": {
    "criteria": {
      "Completed Root": "2025-03-08 22:34:32 -0300",
      "Obtain Silver Sapling": "2025-03-09 13:56:56 -0300"
    },
    "done": true
  },
  "sf4:age_power/completenoprestige": {
    "criteria": {
      "Prestige Mode Disabled": "2025-03-08 22:34:32 -0300",
      "Completed Age of Power§r": "2025-03-08 22:34:32 -0300"
    },
    "done": false
  },
  "sf4:age1/sapling/clay": {
    "criteria": {
      "Completed Root": "2025-03-08 22:34:32 -0300",
      "Obtain a Clay Sapling": "2025-03-08 22:44:05 -0300"
    },
    "done": true
  },
  "sf4:age1/cobblestone": {
    "criteria": {
      "Completed Root": "2025-03-08 22:34:32 -0300",
      "Obtain Cobblestone Block": "2025-03-08 22:49:35 -0300"
    },
    "done": true
  },
  "sf4:age1/sapling/gold": {
    "criteria": {
      "Completed Root": "2025-03-08 22:34:32 -0300",
      "Obtain Gold Sapling": "2025-03-09 13:41:26 -0300"
    },
    "done": true
  },
  "tutorial:tutorial/dryingrack": {
    "criteria": {
      "Obtain Oak Wood Planks": "2025-03-08 22:37:09 -0300"
    },
    "done": false
  },
  "sf4:age1/amber/tin": {
    "criteria": {
      "Completed Root": "2025-03-08 22:34:32 -0300",
      "Obtain Tin Amber": "2025-03-09 13:47:12 -0300"
    },
    "done": true
  },
  "sf4:age1/acorn/dirt": {
    "criteria": {
      "Obtain Dirt Acorn": "2025-03-08 22:35:22 -0300",
      "Completed Root": "2025-03-08 22:34:32 -0300"
    },
    "done": true
  },
  "sf4:age_allthethingsomglol/complete": {
    "criteria": {
      "Completed Age of ALLTHETHINGSOMGLOL§r": "2025-03-08 22:34:32 -0300"
    },
    "done": false
  },
  "tutorial:tutorial/oakwood": {
    "criteria": {
      "Obtain Oak Wood": "2025-03-08 22:35:26 -0300"
    },
    "done": false
  },
  "sf4:age_enhancement/root": {
    "criteria": {
      "inventoryChange": "2025-03-08 22:34:32 -0300"
    },
    "done": true
  },
  "sf4:age_exploration/complete": {
    "criteria": {
      "Completed Age of Exploration§r": "2025-03-08 22:34:32 -0300"
    },
    "done": false
  },
  "sf4:age1/sapling/dirt": {
    "criteria": {
      "Obtain Dirt Sapling": "2025-03-08 22:35:22 -0300",
      "Completed Root": "2025-03-08 22:34:32 -0300"
    },
    "done": true
  },
  "sf4:age1/resourcehogs": {
    "criteria": {
      "Completed Root": "2025-03-08 22:34:32 -0300"
    },
    "done": false
  },
  "sf4:age1/iron_ingot": {
    "criteria": {
      "Completed Root": "2025-03-08 22:34:32 -0300",
      "Obtain Iron Ingot": "2025-03-09 11:02:25 -0300"
    },
    "done": true
  },
  "sf4:age1/green_slimy_dirt": {
    "criteria": {
      "Completed Root": "2025-03-08 22:34:32 -0300",
      "Obtain Green Slime Dirt": "2025-03-09 14:33:59 -0300"
    },
    "done": true
  },
  "sf4:age_enhancement/tank": {
    "criteria": {
      "Obtain Tank": "2025-03-09 11:02:31 -0300"
    },
    "done": true
  },
  "sf4:age1/iron_bucket": {
    "criteria": {
      "Completed Root": "2025-03-08 22:34:32 -0300",
      "Obtain Iron Bucket": "2025-03-09 11:17:17 -0300"
    },
    "done": true
  },
  "tutorial:tutorial/copied/gravelsapling": {
    "criteria": {
      "Obtain Gravel Sapling": "2025-03-08 22:45:13 -0300"
    },
    "done": false
  },
  "sf4:age1/amber/silver": {
    "criteria": {
      "Completed Root": "2025-03-08 22:34:32 -0300",
      "Obtain Silver Amber": "2025-03-09 13:56:06 -0300"
    },
    "done": true
  },
  "sf4:age1/amber/lead": {
    "criteria": {
      "Completed Root": "2025-03-08 22:34:32 -0300",
      "Obtain Lead Amber": "2025-03-09 11:34:05 -0300"
    },
    "done": true
  },
  "tutorial:tutorial/placedirtsapling": {
    "criteria": {
      "Placed Dirt Sapling": "2025-03-08 22:35:49 -0300"
    },
    "done": false
  },
  "tutorial:tutorial/copied/sleep": {
    "criteria": {
      "Slept in a bed": "2025-03-09 14:05:31 -0300"
    },
    "done": false
  },
  "sf4:age1/amber/gold": {
    "criteria": {
      "Completed Root": "2025-03-08 22:34:32 -0300",
      "Obtain Gold Amber": "2025-03-09 13:40:41 -0300"
    },
    "done": true
  },
  "tutorial:tutorial/dirtsapling": {
    "criteria": {
      "Obtain a Dirt Sapling": "2025-03-08 22:35:22 -0300"
    },
    "done": false
  },
  "tutorial:tutorial/copied/cauldron": {
    "criteria": {
      "Obtain a Cauldron": "2025-03-08 22:42:05 -0300"
    },
    "done": false
  },
  "sf4:age_farming/skyorchards": {
    "criteria": {
      "Obtain Dirt Sapling": "2025-03-08 22:35:22 -0300",
      "Obtain Lead Sapling": "2025-03-09 11:34:59 -0300",
      "Obtain Silver Sapling": "2025-03-09 13:56:56 -0300",
      "Obtain Coal Sapling": "2025-03-08 22:52:18 -0300",
      "Obtain Netherrack Sapling": "2025-03-09 14:43:25 -0300",
      "Obtain Diamond Sapling": "2025-03-09 13:58:36 -0300",
      "Obtain Copper Sapling": "2025-03-09 14:23:57 -0300",
      "Obtain Cottonwood Sapling": "2025-03-09 14:02:42 -0300",
      "Obtain Lapis Sapling": "2025-03-09 11:32:34 -0300",
      "Obtain Emerald Sapling": "2025-03-09 14:38:30 -0300",
      "Obtain Petrified Sapling": "2025-03-08 22:42:48 -0300",
      "Obtain Tin Sapling": "2025-03-09 13:48:06 -0300",
      "Obtain Nickel Sapling": "2025-03-09 14:36:17 -0300",
      "Obtain Iron Sapling": "2025-03-09 11:23:40 -0300",
      "Obtain Sand Sapling": "2025-03-08 22:45:09 -0300",
      "Obtain Gold Sapling": "2025-03-09 13:41:26 -0300",
      "Obtain Redstone Sapling": "2025-03-09 11:28:20 -0300",
      "Obtain Clay Sapling": "2025-03-08 22:44:05 -0300",
      "Obtain Gravel Sapling": "2025-03-08 22:45:13 -0300",
      "Obtain Bone Sapling": "2025-03-08 22:47:08 -0300"
    },
    "done": false
  },
  "sf4:age_exploration/skygriddragonkill": {
    "criteria": {
      "Completed Age of Exploration§r": "2025-03-08 22:34:32 -0300"
    },
    "done": false
  },
  "tutorial:tutorial/copied/crushingtub": {
    "criteria": {
      "Obtain Crushing Tub": "2025-03-08 22:40:30 -0300"
    },
    "done": false
  },
  "tutorial:tutorial/copied/water": {
    "criteria": {
      "Obtain Water in an Iron Bucket": "2025-03-09 11:18:06 -0300",
      "Obtain Water in a Clay Bucket": "2025-03-09 11:07:24 -0300"
    },
    "done": false
  },
  "sf4:age1/sapling/lapis": {
    "criteria": {
      "Completed Root": "2025-03-08 22:34:32 -0300",
      "Obtain Lapis Sapling": "2025-03-09 11:32:34 -0300"
    },
    "done": true
  },
  "sf4:age1/coal": {
    "criteria": {
      "Completed Root": "2025-03-08 22:34:32 -0300",
      "Obtain Coal": "2025-03-09 10:41:08 -0300"
    },
    "done": true
  },
  "tutorial:tutorial/copied/iron": {
    "criteria": {
      "Obtain Iron Amber": "2025-03-09 10:47:54 -0300"
    },
    "done": false
  },
  "sf4:age_exploration/root": {
    "criteria": {
      "inventoryChange": "2025-03-08 22:34:32 -0300"
    },
    "done": true
  },
  "tutorial:tutorial/copied/coalsapling": {
    "criteria": {
      "Obtain Coal Sapling": "2025-03-08 22:52:18 -0300"
    },
    "done": false
  },
  "sf4:age_storage/root": {
    "criteria": {
      "inventoryChange": "2025-03-08 22:34:32 -0300"
    },
    "done": true
  },
  "sf4:age1/diamond": {
    "criteria": {
      "Obtain Diamond": "2025-03-09 13:59:07 -0300",
      "Completed Root": "2025-03-08 22:34:32 -0300"
    },
    "done": true
  },
  "sf4:age1/obsidian": {
    "criteria": {
      "Completed Root": "2025-03-08 22:34:32 -0300"
    },
    "done": false
  },
  "tutorial:tutorial/copied/lava": {
    "criteria": {
      "Obtain Lava Clay Bucket": "2025-03-09 11:09:42 -0300",
      "Obtain Lava Iron Bucket": "2025-03-09 11:17:21 -0300"
    },
    "done": false
  },
  "sf4:age1/sapling/sand": {
    "criteria": {
      "Completed Root": "2025-03-08 22:34:32 -0300",
      "Obtain Sand Sapling": "2025-03-08 22:45:09 -0300"
    },
    "done": true
  },
  "sf4:age1/dirt": {
    "criteria": {
      "Completed Root": "2025-03-08 22:34:32 -0300",
      "Craft Dirt Block": "2025-03-08 22:37:53 -0300"
    },
    "done": true
  },
  "sf4:age1/sapling/coal": {
    "criteria": {
      "Completed Root": "2025-03-08 22:34:32 -0300",
      "Obtain Coal Sapling": "2025-03-08 22:52:18 -0300"
    },
    "done": true
  },
  "sf4:age_enhancement/complete": {
    "criteria": {
      "Completed Getting Warmer§r": "2025-03-09 10:51:33 -0300",
      "Completed To Be ORe Not to Be§r": "2025-03-09 10:51:33 -0300",
      "Completed Age of Enhancement§r": "2025-03-08 22:34:32 -0300",
      "Completed Ore\u0027nt You Glad I Didn\u0027t Say Banana§r": "2025-03-09 11:02:31 -0300"
    },
    "done": false
  },
  "compactmachines:test/5x5x5": {
    "criteria": {
      "Obtain Melter": "2025-03-09 10:51:33 -0300"
    },
    "done": false
  },
  "tutorial:tutorial/copied/claybucket": {
    "criteria": {
      "Obtain Unfired Clay Bucket": "2025-03-09 11:06:49 -0300",
      "Obtain Clay Bucket": "2025-03-09 11:07:11 -0300"
    },
    "done": false
  },
  "sf4:age1/sapling/iron": {
    "criteria": {
      "Completed Root": "2025-03-08 22:34:32 -0300",
      "Obtain Iron Sapling": "2025-03-09 11:23:40 -0300"
    },
    "done": true
  },
  "sf4:age1/stone_crook": {
    "criteria": {
      "Completed Root": "2025-03-08 22:34:32 -0300"
    },
    "done": false
  },
  "sf4:age1/sapling/bone": {
    "criteria": {
      "Completed Root": "2025-03-08 22:34:32 -0300",
      "Obtain Bone Sapling": "2025-03-08 22:47:08 -0300"
    },
    "done": true
  },
  "pacifist:pacifist_run/peaceful": {
    "criteria": {
      "brokeLeaves": "2025-03-08 22:35:19 -0300",
      "brokeLog": "2025-03-08 22:35:26 -0300"
    },
    "done": false
  },
  "sf4:age1/water": {
    "criteria": {
      "Completed Root": "2025-03-08 22:34:32 -0300",
      "Obtain Water in a Clay Bucket": "2025-03-09 11:07:24 -0300"
    },
    "done": true
  },
  "sf4:age1/acorn/dirt_cooked": {
    "criteria": {
      "Completed Root": "2025-03-08 22:34:32 -0300",
      "Obtain Cooked Dirt Acorn": "2025-03-09 14:04:31 -0300"
    },
    "done": true
  },
  "sf4:age1/twerk": {
    "criteria": {
      "Completed Root": "2025-03-08 22:34:32 -0300",
      "Obtain 8 Dirt Saplings": "2025-03-08 22:37:44 -0300",
      "Obtain 8 Oak Logs": "2025-03-08 22:36:29 -0300"
    },
    "done": true
  },
  "tutorial:tutorial/copied/diamondsapling": {
    "criteria": {
      "Obtain Diamond Sapling": "2025-03-09 13:58:36 -0300"
    },
    "done": false
  },
  "tutorial:tutorial/copied/diamond": {
    "criteria": {
      "Obtain Diamond": "2025-03-09 13:59:07 -0300"
    },
    "done": false
  },
  "tutorial:tutorial/copied/string": {
    "criteria": {
      "Obtain Cottonwood Sapling": "2025-03-09 14:02:42 -0300",
      "Obtain String": "2025-03-09 14:04:28 -0300"
    },
    "done": false
  },
  "sf4:age_power/complete": {
    "criteria": {
      "Completed Age of Power§r": "2025-03-08 22:34:32 -0300"
    },
    "done": false
  },
  "sf4:age_enhancement/heater": {
    "criteria": {
      "Obtain Seared Heater": "2025-03-09 10:51:33 -0300"
    },
    "done": true
  },
  "sf4:age_farming/market": {
    "criteria": {
      "Obtain Market": "2025-03-09 14:09:11 -0300"
    },
    "done": true
  },
  "sf4:age1/clay_bucket": {
    "criteria": {
      "Obtain Unfired Clay Bucket": "2025-03-09 11:06:49 -0300",
      "Completed Root": "2025-03-08 22:34:32 -0300"
    },
    "done": true
  },
  "sf4:age_farming/complete": {
    "criteria": {
      "Completed Bonsai!!!§r": "2025-03-09 14:32:18 -0300",
      "Completed Shredded Wheat§r": "2025-03-09 14:07:19 -0300",
      "Completed Age of Farming§r": "2025-03-08 22:34:32 -0300",
      "Completed This Little Piggy§r": "2025-03-09 14:09:11 -0300"
    },
    "done": false
  },
  "sf4:age1/amber/iron": {
    "criteria": {
      "Completed Root": "2025-03-08 22:34:32 -0300",
      "Obtain Iron Amber": "2025-03-09 10:47:54 -0300"
    },
    "done": true
  },
  "tutorial:tutorial/copied/ironingot": {
    "criteria": {
      "Obtain Iron Ingot": "2025-03-09 11:02:25 -0300"
    },
    "done": false
  },
  "tutorial:tutorial/copied/ironbucket": {
    "criteria": {
      "Obtain Iron Bucket": "2025-03-09 11:17:17 -0300"
    },
    "done": false
  },
  "sf4:age1/drying_rack": {
    "criteria": {
      "Completed Root": "2025-03-08 22:34:32 -0300",
      "Obtain Drying Rack": "2025-03-08 22:37:09 -0300"
    },
    "done": true
  },
  "tutorial:tutorial/placeoak": {
    "criteria": {
      "Placed Oak Planks": "2025-03-09 14:09:58 -0300"
    },
    "done": false
  },
  "sf4:age_allthethingsomglol/complete_no_prestige": {
    "criteria": {
      "Prestige Mode Disabled": "2025-03-08 22:34:32 -0300",
      "Completed Age of ALLTHETHINGSOMGLOL§r": "2025-03-08 22:34:32 -0300"
    },
    "done": false
  },
  "sf4:age1/sapling": {
    "criteria": {
      "Completed SkyFactory 4§r": "2025-03-08 22:34:32 -0300",
      "Has Sapling": "2025-03-08 22:35:22 -0300",
      "Completed Root": "2025-03-08 22:34:32 -0300"
    },
    "done": false
  },
  "sf4:age_farming/complete_no_prestige": {
    "criteria": {
      "Prestige Mode Disabled": "2025-03-08 22:34:32 -0300",
      "Completed Shredded Wheat§r": "2025-03-09 14:07:19 -0300",
      "Completed This Little Piggy§r": "2025-03-09 14:09:11 -0300",
      "Completed Bonsai!!!§r": "2025-03-09 14:32:18 -0300",
      "Completed Age of Farming§r": "2025-03-08 22:34:32 -0300"
    },
    "done": false
  },
  "sf4:age_allthethingsomglol/root": {
    "criteria": {
      "inventoryChange": "2025-03-08 22:34:32 -0300"
    },
    "done": true
  }
}